Model,MAE,RMSE,MAPE,R2
Extra Trees,1.1877586520947108,1.5320948190658332,2.164853851063538,0.9965693088352499
Random Forest,1.2654371584699444,1.6421413351297118,2.2875756612882174,0.9960587734271187
Gradient Boosting,1.270741353514103,1.6949993297859685,2.313265756085307,0.9958009659363208
Decision Tree,1.6918032786885242,2.2679159206087904,3.076400389121665,0.9924826592675189
Linear Regression,1.8429163415850567,2.344392863448436,3.000386435114281,0.9919671229921668
